drug,protocol,test,model,n,n_R,sensitivity,specificity,f1,auc,very_major_error
INH,random,all,LR,9939,4855,0.933470648815654,0.9848544453186467,0.9577345731191885,0.9742201458342279,0.066529351184346
INH,random,all,RF,9939,4855,0.9342945417095777,0.9718725413060583,0.9515418502202643,0.9681559076312999,0.06570545829042229
INH,random,all,XGB,9939,4855,0.9369721936148301,0.9817073170731707,0.9579867326524165,0.9720298572043228,0.06302780638516992
INH,random,all,MLP,9939,4855,0.9431513903192585,0.980330448465775,0.960562198447661,0.9721969774928473,0.05684860968074146
INH,random,all,WHO,9939,4855,0.9316168898043254,0.9836742722265932,0.9561357150406934,,0.06838311019567456
INH,random,South Asia,LR,1927,1281,0.9492583918813428,0.9597523219814241,0.9639318271898534,0.9684438917931281,0.050741608118657244
INH,random,South Asia,RF,1927,1281,0.9586260733801717,0.9411764705882353,0.9642716921868866,0.9638470573734239,0.041373926619828305
INH,random,South Asia,XGB,1927,1281,0.9570647931303669,0.9489164086687306,0.9653543307086614,0.965735819780889,0.04293520686963315
INH,random,South Asia,MLP,1927,1281,0.9617486338797814,0.9489164086687306,0.9677926158680282,0.967283807396988,0.03825136612021862
INH,random,South Asia,WHO,1927,1281,0.9445745511319282,0.9566563467492261,0.9606986899563319,,0.05542544886807177
INH,sa_holdout,South Asia,LR,1927,1281,0.9414519906323185,0.9597523219814241,0.9598089932351771,0.9663134451364671,0.05854800936768145
INH,sa_holdout,South Asia,RF,1927,1281,0.9476971116315379,0.955108359133127,0.9619651347068146,0.9669829105067393,0.052302888368462086
INH,sa_holdout,South Asia,XGB,1927,1281,0.9453551912568307,0.958204334365325,0.9614926558157999,0.9683605107271553,0.05464480874316935
INH,sa_holdout,South Asia,MLP,1927,1281,0.960967993754879,0.955108359133127,0.9689098780007871,0.9675472432286116,0.03903200624512104
INH,sa_holdout,South Asia,WHO,1927,1281,0.9445745511319282,0.9566563467492261,0.9606986899563319,,0.05542544886807177
INH,loco,PER,LR,2417,1108,0.9296028880866426,0.9900687547746372,0.9576940957694096,0.9797207199256468,0.0703971119133574
INH,loco,PER,RF,2417,1108,0.927797833935018,0.974025974025974,0.9474654377880184,0.9748754112737973,0.07220216606498198
INH,loco,PER,XGB,2417,1108,0.9305054151624549,0.987012987012987,0.9564007421150278,0.9775395553692432,0.06949458483754511
INH,loco,PER,MLP,2417,1108,0.9395306859205776,0.9847211611917495,0.9598893499308437,0.9794904341782661,0.060469314079422354
INH,loco,PER,WHO,2417,1108,0.953971119133574,0.9877769289533995,0.9692801467216873,,0.04602888086642598
INH,loco,ZAF,LR,1856,773,0.8680465717981889,0.9889196675900277,0.9217032967032966,0.953048345654768,0.1319534282018111
INH,loco,ZAF,RF,1856,773,0.871927554980595,0.9630655586334257,0.9065232010759919,0.9326621346721472,0.12807244501940496
INH,loco,ZAF,XGB,1856,773,0.871927554980595,0.9852262234533703,0.9213943950786057,0.9496159033110796,0.12807244501940496
INH,loco,ZAF,MLP,1856,773,0.8809831824062095,0.9833795013850416,0.9252717391304348,0.943531634970179,0.11901681759379046
INH,loco,ZAF,WHO,1856,773,0.8745148771021992,0.9879963065558633,0.9247606019151847,,0.12548512289780078
INH,loco,IND,LR,1275,743,0.9488559892328399,0.9624060150375939,0.9604904632152589,0.9609880184984669,0.05114401076716013
INH,loco,IND,RF,1275,743,0.9502018842530283,0.9473684210526315,0.955991875423155,0.956771977048948,0.04979811574697168
INH,loco,IND,XGB,1275,743,0.9515477792732167,0.9605263157894737,0.9612508497620667,0.9635039820277477,0.048452220726783346
INH,loco,IND,MLP,1275,743,0.9515477792732167,0.9605263157894737,0.9612508497620667,0.961782400145721,0.048452220726783346
INH,loco,IND,WHO,1275,743,0.9488559892328399,0.9624060150375939,0.9604904632152589,,0.05114401076716013
INH,loco,VNM,LR,1078,465,0.9376344086021505,0.9836867862969005,0.9571899012074643,0.9741672367520917,0.062365591397849474
INH,loco,VNM,RF,1078,465,0.9397849462365592,0.9820554649265906,0.9572836801752465,0.9612429616376361,0.06021505376344083
INH,loco,VNM,XGB,1078,465,0.9397849462365592,0.9804241435562806,0.9562363238512035,0.973025311792875,0.06021505376344083
INH,loco,VNM,MLP,1078,465,0.9397849462365592,0.9787928221859706,0.9551912568306011,0.9703695907663703,0.06021505376344083
INH,loco,VNM,WHO,1078,465,0.9376344086021505,0.9771615008156607,0.9530054644808743,,0.062365591397849474
INH,loco,CHN,LR,1011,301,0.8305647840531561,0.9887323943661972,0.8944543828264758,0.9350966262692435,0.16943521594684385
INH,loco,CHN,RF,1011,301,0.8737541528239202,0.9845070422535211,0.9147826086956522,0.9433531421084647,0.12624584717607978
INH,loco,CHN,XGB,1011,301,0.840531561461794,0.9873239436619718,0.8987566607460036,0.9384212250245658,0.15946843853820603
INH,loco,CHN,MLP,1011,301,0.8770764119601329,0.9859154929577465,0.9182608695652174,0.9392471105703991,0.12292358803986714
INH,loco,CHN,WHO,1011,301,0.8073089700996677,0.9887323943661972,0.8804347826086957,,0.19269102990033227
INH,loco,PAK,LR,463,400,0.9125,0.9047619047619048,0.9468223086900129,0.9249603174603175,0.08750000000000002
INH,loco,PAK,RF,463,400,0.9525,0.8571428571428571,0.9645569620253165,0.9501984126984128,0.04749999999999999
INH,loco,PAK,XGB,463,400,0.93,0.8888888888888888,0.9550706033376123,0.9238492063492063,0.06999999999999995
INH,loco,PAK,MLP,463,400,0.9475,0.8888888888888888,0.9643765903307888,0.9358730158730159,0.05249999999999999
INH,loco,PAK,WHO,463,400,0.92,0.8888888888888888,0.9496774193548387,,0.07999999999999996
INH,loco,DEU,LR,405,94,1.0,1.0,1.0,0.9999999999999999,0.0
INH,loco,DEU,RF,405,94,0.9787234042553191,0.9967845659163987,0.983957219251337,0.9996579325442978,0.021276595744680882
INH,loco,DEU,XGB,405,94,1.0,0.9967845659163987,0.9947089947089947,0.9999999999999999,0.0
INH,loco,DEU,MLP,405,94,1.0,0.9967845659163987,0.9947089947089947,0.9999657932544298,0.0
INH,loco,DEU,WHO,405,94,1.0,1.0,1.0,,0.0
INH,loco,SWE,LR,354,354,1.0,0.0,1.0,,0.0
INH,loco,SWE,RF,354,354,1.0,0.0,1.0,,0.0
INH,loco,SWE,XGB,354,354,1.0,0.0,1.0,,0.0
INH,loco,SWE,MLP,354,354,1.0,0.0,1.0,,0.0
INH,loco,SWE,WHO,354,354,1.0,0.0,1.0,,0.0
INH,loco,ITA,LR,323,223,0.9910313901345291,1.0,0.9954954954954955,0.9999103139013452,0.008968609865470878
INH,loco,ITA,RF,323,223,0.9955156950672646,0.98,0.9932885906040269,0.999506726457399,0.004484304932735439
INH,loco,ITA,XGB,323,223,0.9910313901345291,1.0,0.9954954954954955,0.9997533632286996,0.008968609865470878
INH,loco,ITA,MLP,323,223,0.9910313901345291,0.99,0.9932584269662922,0.9996412556053812,0.008968609865470878
INH,loco,ITA,WHO,323,223,0.9910313901345291,1.0,0.9954954954954955,,0.008968609865470878
INH,loco,BRA,LR,263,102,0.8627450980392157,0.9875776397515528,0.9166666666666666,0.9238825965168677,0.13725490196078427
INH,loco,BRA,RF,263,102,0.8529411764705882,0.9875776397515528,0.9109947643979057,0.9258312020460358,0.1470588235294118
INH,loco,BRA,XGB,263,102,0.8627450980392157,0.9875776397515528,0.9166666666666666,0.9142613567165997,0.13725490196078427
INH,loco,BRA,MLP,263,102,0.8529411764705882,0.9875776397515528,0.9109947643979057,0.9165144318597003,0.1470588235294118
INH,loco,BRA,WHO,263,102,0.8627450980392157,0.9937888198757764,0.9214659685863874,,0.13725490196078427
INH,loco,NPL,LR,189,138,1.0,1.0,1.0,1.0,0.0
INH,loco,NPL,RF,189,138,1.0,1.0,1.0,1.0,0.0
INH,loco,NPL,XGB,189,138,1.0,1.0,1.0,1.0,0.0
INH,loco,NPL,MLP,189,138,1.0,1.0,1.0,1.0,0.0
INH,loco,NPL,WHO,189,138,0.9927536231884058,0.9803921568627451,0.9927536231884058,,0.007246376811594235
RIF,random,all,LR,9459,3860,0.9362694300518135,0.9685658153241651,0.9448366013071895,0.9755474700793165,0.06373056994818649
RIF,random,all,RF,9459,3860,0.9310880829015544,0.9542775495624218,0.932295719844358,0.969641738393329,0.06891191709844557
RIF,random,all,XGB,9459,3860,0.9427461139896373,0.9673155920700125,0.9474095287685499,0.9746284958361365,0.05725388601036274
RIF,random,all,MLP,9459,3860,0.9297927461139897,0.9687444186461868,0.9415005246589717,0.9741714379048072,0.07020725388601035
RIF,random,all,WHO,9459,3860,0.9575129533678757,0.951598499732095,0.9444231506324262,,0.042487046632124326
RIF,random,South Asia,LR,1893,1215,0.9506172839506173,0.9233038348082596,0.953757225433526,0.9637659783677484,0.04938271604938271
RIF,random,South Asia,RF,1893,1215,0.9497942386831276,0.9026548672566371,0.9478439425051335,0.9616452407832282,0.05020576131687238
RIF,random,South Asia,XGB,1893,1215,0.9522633744855967,0.9218289085545722,0.9542268041237113,0.9609945737281037,0.047736625514403275
RIF,random,South Asia,MLP,1893,1215,0.951440329218107,0.9218289085545722,0.9537953795379538,0.9595008315427851,0.04855967078189305
RIF,random,South Asia,WHO,1893,1215,0.9604938271604938,0.9011799410029498,0.9530420579828501,,0.03950617283950619
RIF,sa_holdout,South Asia,LR,1893,1215,0.9473251028806584,0.9277286135693216,0.9532091097308488,0.9625520472947544,0.05267489711934159
RIF,sa_holdout,South Asia,RF,1893,1215,0.9275720164609054,0.915929203539823,0.9395581492288454,0.9622698083202834,0.07242798353909463
RIF,sa_holdout,South Asia,XGB,1893,1215,0.9563786008230453,0.9203539823008849,0.9559851912793089,0.9650302875802713,0.043621399176954734
RIF,sa_holdout,South Asia,MLP,1893,1215,0.9316872427983539,0.9277286135693216,0.9449081803005008,0.9563937749614577,0.06831275720164609
RIF,sa_holdout,South Asia,WHO,1893,1215,0.9604938271604938,0.9011799410029498,0.9530420579828501,,0.03950617283950619
RIF,loco,PER,LR,2297,786,0.94529262086514,0.972203838517538,0.9458943348185869,0.9786038937528524,0.05470737913486001
RIF,loco,PER,RF,2297,786,0.9402035623409669,0.9457313037723362,0.9197261978842564,0.9706587653223266,0.059796437659033086
RIF,loco,PER,XGB,2297,786,0.955470737913486,0.9702183984116479,0.9494310998735778,0.9786552558590691,0.04452926208651398
RIF,loco,PER,MLP,2297,786,0.9529262086513995,0.9688947716743879,0.9469026548672567,0.9741278124963163,0.04707379134860046
RIF,loco,PER,WHO,2297,786,0.9732824427480916,0.9662475181998676,0.9550561797752809,,0.026717557251908386
RIF,loco,ZAF,LR,1647,627,0.886762360446571,0.9892156862745098,0.931323283082077,0.9751798167432842,0.11323763955342903
RIF,loco,ZAF,RF,1647,627,0.8755980861244019,0.9794117647058823,0.9172932330827067,0.9629170966632267,0.12440191387559807
RIF,loco,ZAF,XGB,1647,627,0.9027113237639554,0.9882352941176471,0.9394190871369295,0.9741102980267067,0.09728867623604465
RIF,loco,ZAF,MLP,1647,627,0.8899521531100478,0.9803921568627451,0.9261410788381743,0.9696719517152953,0.11004784688995217
RIF,loco,ZAF,WHO,1647,627,0.9521531100478469,0.9509803921568627,0.9372056514913658,,0.04784688995215314
RIF,loco,IND,LR,1287,721,0.9542302357836339,0.9434628975265018,0.9548924358084664,0.963115617786447,0.04576976421636614
RIF,loco,IND,RF,1287,721,0.957004160887656,0.9204946996466431,0.9478021978021978,0.9594546247604673,0.04299583911234395
RIF,loco,IND,XGB,1287,721,0.9528432732316228,0.9399293286219081,0.9528432732316228,0.9634917639909234,0.04715672676837723
RIF,loco,IND,MLP,1287,721,0.955617198335645,0.9293286219081273,0.9503448275862069,0.9609126507647897,0.04438280166435504
RIF,loco,IND,WHO,1287,721,0.955617198335645,0.9346289752650176,0.9523151347615757,,0.04438280166435504
RIF,loco,VNM,LR,1070,187,0.893048128342246,0.9830124575311439,0.9051490514905149,0.9805778792521849,0.106951871657754
RIF,loco,VNM,RF,1070,187,0.93048128342246,0.9524348810872028,0.8635235732009926,0.9681778816746507,0.06951871657754005
RIF,loco,VNM,XGB,1070,187,0.9197860962566845,0.9807474518686297,0.9148936170212766,0.9754422514398532,0.0802139037433155
RIF,loco,VNM,MLP,1070,187,0.9197860962566845,0.9716874292185731,0.8958333333333334,0.9746761465834145,0.0802139037433155
RIF,loco,VNM,WHO,1070,187,0.9090909090909091,0.9773499433748585,0.9018567639257294,,0.09090909090909094
RIF,loco,CHN,LR,1021,244,0.8524590163934426,0.9858429858429858,0.8984881209503239,0.9424383399793236,0.14754098360655743
RIF,loco,CHN,RF,1021,244,0.8770491803278688,0.9845559845559846,0.9106382978723404,0.9495906913939701,0.12295081967213117
RIF,loco,CHN,XGB,1021,244,0.8729508196721312,0.9858429858429858,0.9102564102564102,0.9439837964428129,0.12704918032786883
RIF,loco,CHN,MLP,1021,244,0.860655737704918,0.9832689832689833,0.8993576017130621,0.9294259130324704,0.139344262295082
RIF,loco,CHN,WHO,1021,244,0.8975409836065574,0.9794079794079794,0.9144050104384134,,0.10245901639344257
RIF,loco,PAK,LR,456,373,0.9276139410187667,0.7469879518072289,0.9351351351351351,0.9176491488743176,0.07238605898123329
RIF,loco,PAK,RF,456,373,0.8981233243967829,0.7349397590361446,0.9178082191780822,0.9104460738395942,0.10187667560321712
RIF,loco,PAK,XGB,456,373,0.9463806970509383,0.7228915662650602,0.9425901201602136,0.9295358377208567,0.0536193029490617
RIF,loco,PAK,MLP,456,373,0.9276139410187667,0.7590361445783133,0.9364005412719891,0.9247391711618592,0.07238605898123329
RIF,loco,PAK,WHO,456,373,0.9571045576407506,0.6506024096385542,0.9407114624505929,,0.04289544235924936
RIF,loco,SWE,LR,354,331,0.9879154078549849,0.08695652173913043,0.9631811487481591,0.5692236963089452,0.012084592145015116
RIF,loco,SWE,RF,354,331,0.9939577039274925,0.0,0.9633967789165446,0.4872586365427558,0.0060422960725075026
RIF,loco,SWE,XGB,354,331,0.9879154078549849,0.043478260869565216,0.961764705882353,0.567187705241035,0.012084592145015116
RIF,loco,SWE,MLP,354,331,0.9879154078549849,0.08695652173913043,0.9631811487481591,0.6553920924734008,0.012084592145015116
RIF,loco,SWE,WHO,354,331,0.9879154078549849,0.0,0.960352422907489,,0.012084592145015116
RIF,loco,ITA,LR,324,216,0.9444444444444444,0.9722222222222222,0.9645390070921985,0.9936342592592593,0.05555555555555558
RIF,loco,ITA,RF,324,216,0.9444444444444444,0.9537037037037037,0.96,0.9908907750342935,0.05555555555555558
RIF,loco,ITA,XGB,324,216,0.9768518518518519,0.9629629629629629,0.9791183294663574,0.9962062757201646,0.02314814814814814
RIF,loco,ITA,MLP,324,216,0.9398148148148148,0.9537037037037037,0.9575471698113207,0.9918338477366256,0.06018518518518523
RIF,loco,ITA,WHO,324,216,0.9768518518518519,0.9166666666666666,0.9678899082568807,,0.02314814814814814
RIF,loco,DEU,LR,295,72,0.9861111111111112,0.9775784753363229,0.9594594594594594,0.9981315396113603,0.01388888888888884
RIF,loco,DEU,RF,295,72,0.9861111111111112,0.9596412556053812,0.9342105263157895,0.9973841554559042,0.01388888888888884
RIF,loco,DEU,XGB,295,72,0.9861111111111112,0.9775784753363229,0.9594594594594594,0.9990346287992028,0.01388888888888884
RIF,loco,DEU,MLP,295,72,0.9861111111111112,0.9730941704035875,0.9530201342281879,0.9953288490284006,0.01388888888888884
RIF,loco,DEU,WHO,295,72,0.9861111111111112,0.968609865470852,0.9466666666666667,,0.01388888888888884
RIF,loco,BRA,LR,275,74,0.8648648648648649,1.0,0.927536231884058,0.9522993142396128,0.1351351351351351
RIF,loco,BRA,RF,275,74,0.8243243243243243,1.0,0.9037037037037037,0.9461140244722335,0.17567567567567566
RIF,loco,BRA,XGB,275,74,0.8918918918918919,1.0,0.9428571428571428,0.946685491461611,0.10810810810810811
RIF,loco,BRA,MLP,275,74,0.8513513513513513,0.9950248756218906,0.9130434782608695,0.9508874546187981,0.14864864864864868
RIF,loco,BRA,WHO,275,74,0.9054054054054054,0.9353233830845771,0.8701298701298701,,0.09459459459459463
RIF,loco,NPL,LR,150,121,1.0,0.9655172413793104,0.9958847736625515,0.9994300370475919,0.0
RIF,loco,NPL,RF,150,121,1.0,0.9310344827586207,0.9918032786885246,0.9982901111427758,0.0
RIF,loco,NPL,XGB,150,121,1.0,0.9655172413793104,0.9958847736625515,0.999715018523796,0.0
RIF,loco,NPL,MLP,150,121,1.0,0.9655172413793104,0.9958847736625515,0.9826161299515531,0.0
RIF,loco,NPL,WHO,150,121,1.0,0.9655172413793104,0.9958847736625515,,0.0
EMB,random,all,LR,7103,1703,0.9189665296535525,0.9398148148148148,0.8711383245198998,0.9641469302538005,0.08103347034644748
EMB,random,all,RF,7103,1703,0.9365825014679976,0.9118518518518518,0.84525702172761,0.9553201322285292,0.0634174985320024
EMB,random,all,XGB,7103,1703,0.9242513211978861,0.9364814814814815,0.8696132596685083,0.9639444553185011,0.07574867880211389
EMB,random,all,MLP,7103,1703,0.8526130358191427,0.9533333333333334,0.852362782506604,0.9581601639807746,0.14738696418085728
EMB,random,all,WHO,7103,1703,0.8854961832061069,0.9396296296296296,0.8527000282725473,,0.1145038167938931
EMB,random,South Asia,LR,1314,615,0.9398373983739837,0.8569384835479256,0.8940448569218871,0.9452760622026822,0.06016260162601628
EMB,random,South Asia,RF,1314,615,0.9495934959349593,0.8011444921316166,0.8729446935724963,0.9393233073961641,0.05040650406504066
EMB,random,South Asia,XGB,1314,615,0.9398373983739837,0.8526466380543634,0.8919753086419753,0.9422787489677471,0.06016260162601628
EMB,random,South Asia,MLP,1314,615,0.8764227642276423,0.8812589413447782,0.8714632174616006,0.9372774114007235,0.12357723577235769
EMB,random,South Asia,WHO,1314,615,0.865040650406504,0.8612303290414879,0.8553054662379421,,0.13495934959349598
EMB,sa_holdout,South Asia,LR,1314,615,0.8796747967479674,0.871244635193133,0.8683788121990369,0.944338602184305,0.12032520325203255
EMB,sa_holdout,South Asia,RF,1314,615,0.9398373983739837,0.82689556509299,0.8797564687975646,0.9416320643893135,0.06016260162601628
EMB,sa_holdout,South Asia,XGB,1314,615,0.9479674796747968,0.8497854077253219,0.8948580199539524,0.9434755806785537,0.052032520325203224
EMB,sa_holdout,South Asia,MLP,1314,615,0.8585365853658536,0.9070100143061517,0.8741721854304636,0.9410284145759913,0.14146341463414636
EMB,sa_holdout,South Asia,WHO,1314,615,0.865040650406504,0.8612303290414879,0.8553054662379421,,0.13495934959349598
EMB,loco,PER,LR,1698,328,0.5152439024390244,0.9766423357664233,0.6389413988657845,0.9548368791169664,0.4847560975609756
EMB,loco,PER,RF,1698,328,0.6097560975609756,0.9503649635036496,0.6711409395973155,0.9530721470535872,0.3902439024390244
EMB,loco,PER,XGB,1698,328,0.5548780487804879,0.9708029197080292,0.6618181818181819,0.9548480060530533,0.44512195121951215
EMB,loco,PER,MLP,1698,328,0.29878048780487804,0.9883211678832117,0.4434389140271493,0.9186031244436531,0.7012195121951219
EMB,loco,PER,WHO,1698,328,0.9207317073170732,0.9576642335766423,0.877906976744186,,0.07926829268292679
EMB,loco,ZAF,LR,1458,302,0.9238410596026491,0.9844290657439446,0.9315525876460768,0.9704894131396229,0.07615894039735094
EMB,loco,ZAF,RF,1458,302,0.9139072847682119,0.9662629757785467,0.8946515397082658,0.9577127111070373,0.08609271523178808
EMB,loco,ZAF,XGB,1458,302,0.9304635761589404,0.9852941176470589,0.9366666666666666,0.9685874447168819,0.06953642384105962
EMB,loco,ZAF,MLP,1458,302,0.8675496688741722,0.9835640138408305,0.8987993138936535,0.9609222828204129,0.13245033112582782
EMB,loco,ZAF,WHO,1458,302,0.9205298013245033,0.9835640138408305,0.9282136894824707,,0.07947019867549665
EMB,loco,IND,LR,953,460,0.8782608695652174,0.9066937119675457,0.8879120879120879,0.9511508951406649,0.12173913043478257
EMB,loco,IND,RF,953,460,0.9478260869565217,0.8924949290060852,0.9188619599578504,0.9494840814886676,0.05217391304347829
EMB,loco,IND,XGB,953,460,0.9,0.9046653144016227,0.8990228013029316,0.9509171884645913,0.09999999999999998
EMB,loco,IND,MLP,953,460,0.8804347826086957,0.922920892494929,0.8970099667774086,0.9461063585854133,0.11956521739130432
EMB,loco,IND,WHO,953,460,0.8434782608695652,0.9107505070993914,0.8699551569506726,,0.15652173913043477
EMB,loco,CHN,LR,865,147,0.782312925170068,0.9888579387186629,0.8518518518518519,0.9543895552650029,0.217687074829932
EMB,loco,CHN,RF,865,147,0.8639455782312925,0.9749303621169917,0.8698630136986302,0.9540437344854377,0.13605442176870752
EMB,loco,CHN,XGB,865,147,0.7959183673469388,0.9888579387186629,0.8602941176470589,0.9597474087127886,0.20408163265306123
EMB,loco,CHN,MLP,865,147,0.6258503401360545,0.9930362116991643,0.7540983606557377,0.9602637712466603,0.37414965986394555
EMB,loco,CHN,WHO,865,147,0.8367346938775511,0.9930362116991643,0.8945454545454545,,0.16326530612244894
EMB,loco,VNM,LR,646,62,0.8387096774193549,0.9708904109589042,0.7938931297709924,0.9422641405214317,0.16129032258064513
EMB,loco,VNM,RF,646,62,0.8548387096774194,0.9452054794520548,0.7210884353741497,0.9442526513477685,0.14516129032258063
EMB,loco,VNM,XGB,646,62,0.8387096774193549,0.9708904109589042,0.7938931297709924,0.9472768448961556,0.16129032258064513
EMB,loco,VNM,MLP,646,62,0.7096774193548387,0.976027397260274,0.7333333333333333,0.9462549712770659,0.29032258064516125
EMB,loco,VNM,WHO,646,62,0.8064516129032258,0.9674657534246576,0.7633587786259542,,0.19354838709677424
EMB,loco,PAK,LR,277,107,0.9532710280373832,0.6470588235294118,0.758364312267658,0.9025838372732271,0.04672897196261683
EMB,loco,PAK,RF,277,107,0.9345794392523364,0.5411764705882353,0.7017543859649122,0.863331500824629,0.06542056074766356
EMB,loco,PAK,XGB,277,107,0.9252336448598131,0.6588235294117647,0.75,0.8917811984606926,0.07476635514018692
EMB,loco,PAK,MLP,277,107,0.8317757009345794,0.7941176470588235,0.7705627705627706,0.8825728422210006,0.16822429906542058
EMB,loco,PAK,WHO,277,107,0.9065420560747663,0.711764705882353,0.766798418972332,,0.09345794392523366
EMB,loco,SWE,LR,239,170,0.9588235294117647,0.11594202898550725,0.8274111675126904,0.7303495311167946,0.04117647058823526
EMB,loco,SWE,RF,239,170,0.9882352941176471,0.0,0.8255528255528255,0.39560954816709293,0.0117647058823529
EMB,loco,SWE,XGB,239,170,0.9647058823529412,0.11594202898550725,0.830379746835443,0.7107843137254902,0.03529411764705881
EMB,loco,SWE,MLP,239,170,0.9294117647058824,0.18840579710144928,0.8229166666666666,0.7097186700767264,0.07058823529411762
EMB,loco,SWE,WHO,239,170,0.9235294117647059,0.14492753623188406,0.8134715025906736,,0.07647058823529407
EMB,loco,ITA,LR,225,41,0.9512195121951219,0.8043478260869565,0.6724137931034483,0.9444591728525982,0.04878048780487809
EMB,loco,ITA,RF,225,41,1.0,0.7119565217391305,0.6074074074074074,0.9514183457051961,0.0
EMB,loco,ITA,XGB,225,41,0.975609756097561,0.7880434782608695,0.6666666666666666,0.9477067868504772,0.024390243902439046
EMB,loco,ITA,MLP,225,41,0.926829268292683,0.8641304347826086,0.7307692307692307,0.920864262990456,0.07317073170731703
EMB,loco,ITA,WHO,225,41,0.7317073170731707,0.8586956521739131,0.6185567010309279,,0.2682926829268293
EMB,loco,BRA,LR,203,23,0.9565217391304348,0.9944444444444445,0.9565217391304348,0.9942028985507246,0.04347826086956519
EMB,loco,BRA,RF,203,23,0.9565217391304348,0.9833333333333333,0.9166666666666666,0.9705314009661836,0.04347826086956519
EMB,loco,BRA,XGB,203,23,0.9565217391304348,0.9944444444444445,0.9565217391304348,0.9874396135265701,0.04347826086956519
EMB,loco,BRA,MLP,203,23,0.9565217391304348,1.0,0.9777777777777777,0.9719806763285024,0.04347826086956519
EMB,loco,BRA,WHO,203,23,0.9565217391304348,0.9944444444444445,0.9565217391304348,,0.04347826086956519
ETH,random,all,LR,8587,1386,0.8391053391053391,0.9437578114150812,0.7874069058903183,0.9467763215506584,0.16089466089466087
ETH,random,all,RF,8587,1386,0.8802308802308803,0.9068184974309124,0.7445834604821483,0.9423002817670226,0.11976911976911975
ETH,random,all,XGB,8587,1386,0.86002886002886,0.9420913761977503,0.7959933222036728,0.9497330617661127,0.13997113997113997
ETH,random,all,MLP,8587,1386,0.7056277056277056,0.9743091237328149,0.7673597489211456,0.9333200976375536,0.2943722943722944
ETH,random,all,WHO,8587,1386,0.816017316017316,0.9552839883349534,0.796759422331807,,0.18398268398268403
ETH,random,South Asia,LR,1692,337,0.7863501483679525,0.888560885608856,0.703851261620186,0.9103244385559583,0.21364985163204753
ETH,random,South Asia,RF,1692,337,0.8486646884272997,0.803690036900369,0.6434195725534309,0.8987407885948295,0.1513353115727003
ETH,random,South Asia,XGB,1692,337,0.8160237388724035,0.8671586715867159,0.6944444444444444,0.9086600895682547,0.18397626112759646
ETH,random,South Asia,MLP,1692,337,0.6083086053412463,0.9579335793357934,0.6844741235392321,0.8996550855716272,0.3916913946587537
ETH,random,South Asia,WHO,1692,337,0.6943620178041543,0.9195571955719557,0.6882352941176471,,0.3056379821958457
ETH,sa_holdout,South Asia,LR,1692,337,0.7299703264094956,0.8915129151291513,0.673972602739726,0.8810395611374512,0.27002967359050445
ETH,sa_holdout,South Asia,RF,1692,337,0.8130563798219584,0.7505535055350554,0.5774499473129611,0.8900467550669571,0.18694362017804156
ETH,sa_holdout,South Asia,XGB,1692,337,0.7596439169139466,0.8937269372693727,0.694708276797829,0.8905427748639504,0.24035608308605338
ETH,sa_holdout,South Asia,MLP,1692,337,0.516320474777448,0.9439114391143911,0.5928449744463373,0.7905121158036508,0.483679525222552
ETH,sa_holdout,South Asia,WHO,1692,337,0.6943620178041543,0.9195571955719557,0.6882352941176471,,0.3056379821958457
ETH,loco,PER,LR,2111,266,0.7593984962406015,0.9739837398373984,0.7829457364341085,0.9498196711290422,0.24060150375939848
ETH,loco,PER,RF,2111,266,0.8421052631578947,0.9360433604336044,0.7368421052631579,0.9500305642154167,0.1578947368421053
ETH,loco,PER,XGB,2111,266,0.7894736842105263,0.9636856368563685,0.7734806629834254,0.9522311877254112,0.21052631578947367
ETH,loco,PER,MLP,2111,266,0.45112781954887216,0.9913279132791328,0.5970149253731343,0.9002852660105549,0.5488721804511278
ETH,loco,PER,WHO,2111,266,0.8383458646616542,0.9626016260162602,0.7992831541218638,,0.16165413533834583
ETH,loco,ZAF,LR,1542,293,0.8600682593856656,0.9551641313050441,0.8386023294509152,0.9558418065510429,0.13993174061433444
ETH,loco,ZAF,RF,1542,293,0.7986348122866894,0.9543634907926342,0.8013698630136986,0.9526337793784515,0.20136518771331058
ETH,loco,ZAF,XGB,1542,293,0.8361774744027304,0.9679743795036029,0.8477508650519031,0.9540191880466832,0.16382252559726962
ETH,loco,ZAF,MLP,1542,293,0.6552901023890785,0.9807846277021617,0.7544204322200393,0.9473667671338436,0.3447098976109215
ETH,loco,ZAF,WHO,1542,293,0.863481228668942,0.9711769415532426,0.8694158075601375,,0.13651877133105805
ETH,loco,IND,LR,1144,243,0.8065843621399177,0.8546059933407325,0.6877192982456141,0.9072521158475038,0.1934156378600823
ETH,loco,IND,RF,1144,243,0.8436213991769548,0.7192008879023307,0.5848787446504993,0.888927711778865,0.15637860082304522
ETH,loco,IND,XGB,1144,243,0.8271604938271605,0.8668146503884573,0.7127659574468085,0.9076631817413664,0.1728395061728395
ETH,loco,IND,MLP,1144,243,0.691358024691358,0.9356270810210877,0.7164179104477612,0.8951599274697069,0.308641975308642
ETH,loco,IND,WHO,1144,243,0.7366255144032922,0.902330743618202,0.7019607843137254,,0.26337448559670784
ETH,loco,CHN,LR,981,71,0.5352112676056338,0.9846153846153847,0.6178861788617886,0.8600139297322396,0.46478873239436624
ETH,loco,CHN,RF,981,71,0.647887323943662,0.9791208791208791,0.6764705882352942,0.8964711344993035,0.352112676056338
ETH,loco,CHN,XGB,981,71,0.5211267605633803,0.9923076923076923,0.6434782608695652,0.8778672032193159,0.47887323943661975
ETH,loco,CHN,MLP,981,71,0.36619718309859156,0.9967032967032967,0.52,0.8557885776195635,0.6338028169014085
ETH,loco,CHN,WHO,981,71,0.6901408450704225,0.9868131868131869,0.7424242424242424,,0.3098591549295775
ETH,loco,VNM,LR,869,87,0.735632183908046,0.989769820971867,0.8050314465408805,0.9240306317429521,0.26436781609195403
ETH,loco,VNM,RF,869,87,0.7241379310344828,0.9846547314578005,0.7777777777777778,0.9120660258106241,0.27586206896551724
ETH,loco,VNM,XGB,869,87,0.735632183908046,0.9872122762148338,0.7950310559006211,0.8937590028515154,0.26436781609195403
ETH,loco,VNM,MLP,869,87,0.6666666666666666,0.9923273657289002,0.7682119205298014,0.9357968074786136,0.33333333333333337
ETH,loco,VNM,WHO,869,87,0.7816091954022989,0.9910485933503836,0.8395061728395061,,0.2183908045977011
ETH,loco,PAK,LR,424,52,0.6923076923076923,0.9112903225806451,0.5950413223140496,0.8746639784946237,0.3076923076923077
ETH,loco,PAK,RF,424,52,0.6538461538461539,0.8682795698924731,0.5037037037037037,0.8523314722911497,0.34615384615384615
ETH,loco,PAK,XGB,424,52,0.7307692307692307,0.9139784946236559,0.6229508196721312,0.8870450785773367,0.2692307692307693
ETH,loco,PAK,MLP,424,52,0.5961538461538461,0.9623655913978495,0.6391752577319587,0.8730355665839536,0.40384615384615385
ETH,loco,PAK,WHO,424,52,0.6730769230769231,0.9516129032258065,0.6666666666666666,,0.32692307692307687
ETH,loco,DEU,LR,326,19,0.8421052631578947,0.9771986970684039,0.7619047619047619,0.9472827018686782,0.1578947368421053
ETH,loco,DEU,RF,326,19,0.8947368421052632,0.9543973941368078,0.68,0.9812274987142122,0.10526315789473684
ETH,loco,DEU,XGB,326,19,0.8421052631578947,0.9739413680781759,0.7441860465116279,0.9814846562660723,0.1578947368421053
ETH,loco,DEU,MLP,326,19,0.7894736842105263,0.9804560260586319,0.75,0.9361392079547403,0.21052631578947367
ETH,loco,DEU,WHO,326,19,0.7894736842105263,0.9641693811074918,0.6666666666666666,,0.21052631578947367
ETH,loco,ITA,LR,294,74,0.9594594594594594,0.9409090909090909,0.8987341772151899,0.9758906633906633,0.04054054054054057
ETH,loco,ITA,RF,294,74,0.9594594594594594,0.8227272727272728,0.7717391304347826,0.9690110565110565,0.04054054054054057
ETH,loco,ITA,XGB,294,74,0.9459459459459459,0.8954545454545455,0.8383233532934131,0.9762285012285012,0.05405405405405406
ETH,loco,ITA,MLP,294,74,0.7702702702702703,0.9681818181818181,0.8260869565217391,0.9354729729729729,0.22972972972972971
ETH,loco,ITA,WHO,294,74,0.9459459459459459,0.9090909090909091,0.8536585365853658,,0.05405405405405406
ETH,loco,BRA,LR,251,39,1.0,0.9858490566037735,0.9629629629629629,0.9992743105950652,0.0
ETH,loco,BRA,RF,251,39,0.9230769230769231,0.9528301886792453,0.8470588235294118,0.9785921625544267,0.07692307692307687
ETH,loco,BRA,XGB,251,39,1.0,0.9858490566037735,0.9629629629629629,0.9992743105950652,0.0
ETH,loco,BRA,MLP,251,39,0.5128205128205128,0.9952830188679245,0.6666666666666666,0.9958877600387034,0.4871794871794872
ETH,loco,BRA,WHO,251,39,0.9230769230769231,0.9905660377358491,0.935064935064935,,0.07692307692307687
ETH,loco,SWE,LR,244,179,0.9553072625698324,0.27692307692307694,0.8614609571788413,0.8102277610657499,0.04469273743016755
ETH,loco,SWE,RF,244,179,0.9720670391061452,0.1076923076923077,0.8467153284671532,0.6885689729265148,0.027932960893854775
ETH,loco,SWE,XGB,244,179,0.9497206703910615,0.27692307692307694,0.8585858585858586,0.7687580575848731,0.05027932960893855
ETH,loco,SWE,MLP,244,179,0.9106145251396648,0.3230769230769231,0.844559585492228,0.8146970348087665,0.08938547486033521
ETH,loco,SWE,WHO,244,179,0.9329608938547486,0.3230769230769231,0.8564102564102564,,0.06703910614525144
LEV,random,all,LR,8300,1492,0.846514745308311,0.9493243243243243,0.8148387096774193,0.9402006057374545,0.15348525469168905
LEV,random,all,RF,8300,1492,0.8840482573726541,0.8905699177438308,0.7418447694038245,0.9322047689518402,0.11595174262734587
LEV,random,all,XGB,8300,1492,0.8398123324396782,0.9582843713278496,0.827335754374381,0.9435236065124455,0.16018766756032177
LEV,random,all,MLP,8300,1492,0.7841823056300268,0.9656286721504113,0.8080110497237569,0.9328757486067487,0.21581769436997322
LEV,random,all,WHO,8300,1492,0.8424932975871313,0.9691539365452408,0.8496113551875634,,0.15750670241286868
LEV,random,South Asia,LR,1569,656,0.8810975609756098,0.8784227820372399,0.8594795539033457,0.9190069591002591,0.11890243902439024
LEV,random,South Asia,RF,1569,656,0.9283536585365854,0.7250821467688937,0.8034300791556728,0.9082251956829535,0.07164634146341464
LEV,random,South Asia,XGB,1569,656,0.8734756097560976,0.9014238773274917,0.8688400303260045,0.925466834076884,0.12652439024390238
LEV,random,South Asia,MLP,1569,656,0.8429878048780488,0.9123767798466593,0.8580294802172227,0.9092019408008976,0.1570121951219512
LEV,random,South Asia,WHO,1569,656,0.8734756097560976,0.9222343921139102,0.8815384615384615,,0.12652439024390238
LEV,sa_holdout,South Asia,LR,1569,656,0.8536585365853658,0.9233296823658269,0.8709175738724728,0.9175518593219886,0.14634146341463417
LEV,sa_holdout,South Asia,RF,1569,656,0.8551829268292683,0.8619934282584885,0.8354430379746836,0.9152452381588437,0.14481707317073167
LEV,sa_holdout,South Asia,XGB,1569,656,0.8597560975609756,0.927710843373494,0.8771384136858476,0.9284396454999599,0.1402439024390244
LEV,sa_holdout,South Asia,MLP,1569,656,0.6082317073170732,0.9463307776560789,0.7228260869565217,0.9123266903534315,0.3917682926829268
LEV,sa_holdout,South Asia,WHO,1569,656,0.8734756097560976,0.9222343921139102,0.8815384615384615,,0.12652439024390238
LEV,loco,PER,LR,2158,137,0.6204379562043796,0.9920831271647699,0.7142857142857143,0.882278051264641,0.3795620437956204
LEV,loco,PER,RF,2158,137,0.6788321167883211,0.9416130628401781,0.5344827586206896,0.8795295383870817,0.3211678832116789
LEV,loco,PER,XGB,2158,137,0.6496350364963503,0.9896091044037605,0.7206477732793523,0.8777525760536266,0.35036496350364965
LEV,loco,PER,MLP,2158,137,0.4306569343065693,0.9955467590301831,0.5756097560975609,0.8554448365158537,0.5693430656934306
LEV,loco,PER,WHO,2158,137,0.656934306569343,0.991588322612568,0.7377049180327869,,0.34306569343065696
LEV,loco,ZAF,LR,1380,230,0.8956521739130435,0.9530434782608695,0.8408163265306122,0.9685614366729679,0.10434782608695647
LEV,loco,ZAF,RF,1380,230,0.9043478260869565,0.9295652173913044,0.8015414258188824,0.9599546313799623,0.09565217391304348
LEV,loco,ZAF,XGB,1380,230,0.8652173913043478,0.9669565217391304,0.8522483940042827,0.9686975425330814,0.13478260869565217
LEV,loco,ZAF,MLP,1380,230,0.8217391304347826,0.971304347826087,0.8362831858407079,0.9632646502835539,0.17826086956521736
LEV,loco,ZAF,WHO,1380,230,0.8826086956521739,0.9886956521739131,0.9103139013452914,,0.11739130434782608
LEV,loco,IND,LR,1029,383,0.8903394255874674,0.9040247678018576,0.8676844783715013,0.9195389987793936,0.10966057441253263
LEV,loco,IND,RF,1029,383,0.9216710182767625,0.7631578947368421,0.7941507311586051,0.9094225157425894,0.07832898172323755
LEV,loco,IND,XGB,1029,383,0.8903394255874674,0.913312693498452,0.8743589743589744,0.9236393471776507,0.10966057441253263
LEV,loco,IND,MLP,1029,383,0.8224543080939948,0.9195046439628483,0.84,0.912391176066414,0.17754569190600522
LEV,loco,IND,WHO,1029,383,0.9007832898172323,0.9210526315789473,0.8857509627727856,,0.09921671018276768
LEV,loco,CHN,LR,916,119,0.680672268907563,0.9899623588456713,0.7788461538461539,0.8408475058781355,0.31932773109243695
LEV,loco,CHN,RF,916,119,0.7310924369747899,0.9623588456712673,0.7372881355932204,0.868851681199456,0.26890756302521013
LEV,loco,CHN,XGB,916,119,0.6890756302521008,0.9924717691342535,0.7922705314009661,0.8538373944307963,0.31092436974789917
LEV,loco,CHN,MLP,916,119,0.6386554621848739,0.9924717691342535,0.7562189054726368,0.8241356768554348,0.3613445378151261
LEV,loco,CHN,WHO,916,119,0.680672268907563,0.9949811794228356,0.7941176470588235,,0.31932773109243695
LEV,loco,VNM,LR,860,18,0.5,0.9881235154394299,0.4864864864864865,0.7483504882554763,0.5
LEV,loco,VNM,RF,860,18,0.5,0.9109263657957245,0.17647058823529413,0.7707838479809976,0.5
LEV,loco,VNM,XGB,860,18,0.5,0.9869358669833729,0.47368421052631576,0.7508907363420427,0.5
LEV,loco,VNM,MLP,860,18,0.5,0.996437054631829,0.6,0.7602269728160465,0.5
LEV,loco,VNM,WHO,860,18,0.5,1.0,0.6666666666666666,,0.5
LEV,loco,PAK,LR,384,162,0.7654320987654321,0.918918918918919,0.8157894736842105,0.8561478144811477,0.23456790123456794
LEV,loco,PAK,RF,384,162,0.8395061728395061,0.6261261261261262,0.7139107611548556,0.8536453119786451,0.16049382716049387
LEV,loco,PAK,XGB,384,162,0.7654320987654321,0.9234234234234234,0.8184818481848185,0.8734984984984985,0.23456790123456794
LEV,loco,PAK,MLP,384,162,0.7098765432098766,0.9459459459459459,0.7958477508650519,0.8465965965965967,0.2901234567901234
LEV,loco,PAK,WHO,384,162,0.7592592592592593,0.9279279279279279,0.8172757475083057,,0.2407407407407407
LEV,loco,SWE,LR,352,219,0.9726027397260274,0.3233082706766917,0.8160919540229885,0.6287465238438562,0.0273972602739726
LEV,loco,SWE,RF,352,219,0.9954337899543378,0.06015037593984962,0.7758007117437722,0.5981391835753768,0.004566210045662156
LEV,loco,SWE,XGB,352,219,0.9452054794520548,0.38345864661654133,0.8149606299212598,0.6411233563360456,0.0547945205479452
LEV,loco,SWE,MLP,352,219,0.9178082191780822,0.42105263157894735,0.8088531187122736,0.621227726851375,0.0821917808219178
LEV,loco,SWE,WHO,352,219,0.958904109589041,0.42105263157894735,0.8300395256916996,,0.04109589041095896
LEV,loco,DEU,LR,309,19,1.0,0.9655172413793104,0.7916666666666666,0.9916515426497277,0.0
LEV,loco,DEU,RF,309,19,0.8947368421052632,0.8620689655172413,0.4473684210526316,0.970961887477314,0.10526315789473684
LEV,loco,DEU,XGB,309,19,1.0,0.9655172413793104,0.7916666666666666,0.9907441016333938,0.0
LEV,loco,DEU,MLP,309,19,0.9473684210526315,0.9689655172413794,0.782608695652174,0.9793103448275862,0.052631578947368474
LEV,loco,DEU,WHO,309,19,1.0,0.9793103448275862,0.8636363636363636,,0.0
LEV,loco,ITA,LR,301,58,0.896551724137931,0.9053497942386831,0.7819548872180451,0.9487725273165887,0.10344827586206895
LEV,loco,ITA,RF,301,58,0.896551724137931,0.7283950617283951,0.5909090909090909,0.9096778771108274,0.10344827586206895
LEV,loco,ITA,XGB,301,58,0.8620689655172413,0.9382716049382716,0.8130081300813008,0.956861075635022,0.13793103448275867
LEV,loco,ITA,MLP,301,58,0.7586206896551724,0.9794238683127572,0.822429906542056,0.943593018305662,0.24137931034482762
LEV,loco,ITA,WHO,301,58,0.8620689655172413,0.9711934156378601,0.8695652173913043,,0.13793103448275867
LEV,loco,NPL,LR,156,111,0.9459459459459459,0.9111111111111111,0.9545454545454546,0.9134134134134134,0.05405405405405406
LEV,loco,NPL,RF,156,111,1.0,0.8444444444444444,0.9694323144104804,0.9452452452452453,0.0
LEV,loco,NPL,XGB,156,111,0.954954954954955,0.9111111111111111,0.9592760180995475,0.9287287287287288,0.04504504504504503
LEV,loco,NPL,MLP,156,111,0.8648648648648649,0.9111111111111111,0.909952606635071,0.9230230230230231,0.1351351351351351
LEV,loco,NPL,WHO,156,111,0.9459459459459459,0.9111111111111111,0.9545454545454546,,0.05405405405405406
MXF,random,all,LR,7450,1247,0.8580593424218124,0.9310011284862163,0.7795992714025501,0.9353807513011076,0.14194065757818763
MXF,random,all,RF,7450,1247,0.8797113071371291,0.8679671126874093,0.6936452734745495,0.9290897218292464,0.12028869286287092
MXF,random,all,XGB,7450,1247,0.8644747393744988,0.9387393196840239,0.7970425138632162,0.9380724927961882,0.1355252606255012
MXF,random,all,MLP,7450,1247,0.6912590216519647,0.9627599548605513,0.7367521367521368,0.9114352278775526,0.30874097834803527
MXF,random,all,WHO,7450,1247,0.8644747393744988,0.9376108334676769,0.7949852507374632,,0.1355252606255012
MXF,random,South Asia,LR,1527,507,0.9132149901380671,0.8362745098039216,0.8144239226033422,0.9300102486754072,0.08678500986193294
MXF,random,South Asia,RF,1527,507,0.9191321499013807,0.7549019607843137,0.7620605069501226,0.9131115365278262,0.0808678500986193
MXF,random,South Asia,XGB,1527,507,0.9230769230769231,0.8539215686274509,0.8327402135231317,0.9300576246277603,0.07692307692307687
MXF,random,South Asia,MLP,1527,507,0.7830374753451677,0.9058823529411765,0.794,0.9062893993889468,0.21696252465483234
MXF,random,South Asia,WHO,1527,507,0.9151873767258383,0.8323529411764706,0.8126094570928196,,0.08481262327416172
MXF,sa_holdout,South Asia,LR,1527,507,0.8954635108481263,0.8519607843137255,0.8165467625899281,0.9284903507754187,0.10453648915187375
MXF,sa_holdout,South Asia,RF,1527,507,0.8856015779092702,0.8166666666666667,0.7856517935258093,0.9183702672390456,0.11439842209072981
MXF,sa_holdout,South Asia,XGB,1527,507,0.903353057199211,0.8470588235294118,0.8171275646743978,0.928334686931972,0.096646942800789
MXF,sa_holdout,South Asia,MLP,1527,507,0.5996055226824457,0.9225490196078432,0.6831460674157304,0.9010326023900683,0.4003944773175543
MXF,sa_holdout,South Asia,WHO,1527,507,0.9151873767258383,0.8323529411764706,0.8126094570928196,,0.08481262327416172
MXF,loco,PER,LR,1752,127,0.5826771653543307,0.9833846153846154,0.6491228070175439,0.8739454875832829,0.4173228346456693
MXF,loco,PER,RF,1752,127,0.6850393700787402,0.9341538461538461,0.5420560747663551,0.890236220472441,0.31496062992125984
MXF,loco,PER,XGB,1752,127,0.6850393700787402,0.9796923076923076,0.7044534412955465,0.8799370078740156,0.31496062992125984
MXF,loco,PER,MLP,1752,127,0.3543307086614173,0.9913846153846154,0.4838709677419355,0.8226723198061782,0.6456692913385826
MXF,loco,PER,WHO,1752,127,0.6929133858267716,0.9846153846153847,0.7333333333333333,,0.30708661417322836
MXF,loco,ZAF,LR,1247,229,0.9082969432314411,0.962671905697446,0.8757894736842106,0.9694730656051338,0.09170305676855894
MXF,loco,ZAF,RF,1247,229,0.8995633187772926,0.9469548133595285,0.8425357873210634,0.9616188090356121,0.10043668122270744
MXF,loco,ZAF,XGB,1247,229,0.8820960698689956,0.9744597249508841,0.8840262582056893,0.9670430075239573,0.11790393013100442
MXF,loco,ZAF,MLP,1247,229,0.7554585152838428,0.9764243614931237,0.812206572769953,0.9617710898156331,0.24454148471615722
MXF,loco,ZAF,WHO,1247,229,0.8864628820960698,0.9774066797642437,0.8923076923076924,,0.11353711790393017
MXF,loco,IND,LR,1034,354,0.9322033898305084,0.8661764705882353,0.8516129032258064,0.9430313226985709,0.06779661016949157
MXF,loco,IND,RF,1034,354,0.9378531073446328,0.7808823529411765,0.7952095808383234,0.9335763542705218,0.062146892655367214
MXF,loco,IND,XGB,1034,354,0.9265536723163842,0.8779411764705882,0.857516339869281,0.9433449651046859,0.07344632768361581
MXF,loco,IND,MLP,1034,354,0.748587570621469,0.9117647058823529,0.780559646539028,0.926368810235959,0.25141242937853103
MXF,loco,IND,WHO,1034,354,0.9293785310734464,0.8691176470588236,0.8523316062176166,,0.07062146892655363
MXF,loco,CHN,LR,904,106,0.6886792452830188,0.9874686716791979,0.7724867724867724,0.8590343783988272,0.3113207547169812
MXF,loco,CHN,RF,904,106,0.6981132075471698,0.9649122807017544,0.7115384615384616,0.8691894831418169,0.30188679245283023
MXF,loco,CHN,XGB,904,106,0.7075471698113207,0.9912280701754386,0.7978723404255319,0.8656251477750982,0.2924528301886793
MXF,loco,CHN,MLP,904,106,0.5754716981132075,0.9862155388471178,0.6853932584269663,0.8284508440913605,0.42452830188679247
MXF,loco,CHN,WHO,904,106,0.7169811320754716,0.9862155388471178,0.7875647668393783,,0.28301886792452835
MXF,loco,VNM,LR,735,11,0.45454545454545453,0.988950276243094,0.4166666666666667,0.7739829231541938,0.5454545454545454
MXF,loco,VNM,RF,735,11,0.45454545454545453,0.9475138121546961,0.18518518518518517,0.8462456052235057,0.5454545454545454
MXF,loco,VNM,XGB,735,11,0.45454545454545453,0.9903314917127072,0.43478260869565216,0.8083877448518332,0.5454545454545454
MXF,loco,VNM,MLP,735,11,0.2727272727272727,1.0,0.42857142857142855,0.8100200904068308,0.7272727272727273
MXF,loco,VNM,WHO,735,11,0.45454545454545453,0.9958563535911602,0.5263157894736842,,0.5454545454545454
MXF,loco,PAK,LR,366,77,0.7922077922077922,0.8062283737024222,0.6288659793814433,0.8569855749786546,0.20779220779220775
MXF,loco,PAK,RF,366,77,0.7402597402597403,0.7681660899653979,0.5671641791044776,0.8234170673617041,0.2597402597402597
MXF,loco,PAK,XGB,366,77,0.7532467532467533,0.8304498269896193,0.6304347826086957,0.8531433963959916,0.24675324675324672
MXF,loco,PAK,MLP,366,77,0.4935064935064935,0.8996539792387543,0.5277777777777778,0.825978519750146,0.5064935064935066
MXF,loco,PAK,WHO,366,77,0.8181818181818182,0.7785467128027682,0.6176470588235294,,0.18181818181818177
MXF,loco,SWE,LR,353,189,0.9365079365079365,0.36585365853658536,0.7531914893617021,0.6343076526003355,0.06349206349206349
MXF,loco,SWE,RF,353,189,0.9576719576719577,0.1402439024390244,0.7084148727984344,0.5578784359272164,0.042328042328042326
MXF,loco,SWE,XGB,353,189,0.9153439153439153,0.3719512195121951,0.7440860215053764,0.6514872886824108,0.08465608465608465
MXF,loco,SWE,MLP,353,189,0.6984126984126984,0.5609756097560976,0.6717557251908397,0.6498419150858176,0.3015873015873016
MXF,loco,SWE,WHO,353,189,0.9682539682539683,0.3597560975609756,0.7672955974842768,,0.031746031746031744
MXF,loco,ITA,LR,298,44,0.8181818181818182,0.9015748031496063,0.6857142857142857,0.9040354330708662,0.18181818181818177
MXF,loco,ITA,RF,298,44,0.8636363636363636,0.7007874015748031,0.4810126582278481,0.8890032211882606,0.13636363636363635
MXF,loco,ITA,XGB,298,44,0.8409090909090909,0.8937007874015748,0.6851851851851852,0.9119094488188976,0.15909090909090906
MXF,loco,ITA,MLP,298,44,0.6363636363636364,0.9409448818897638,0.6436781609195402,0.8614441660701502,0.36363636363636365
MXF,loco,ITA,WHO,298,44,0.8181818181818182,0.9212598425196851,0.72,,0.18181818181818177
KAN,random,all,LR,9803,898,0.7884187082405345,0.9569904548006738,0.7119155354449472,0.9251594097057658,0.2115812917594655
KAN,random,all,RF,9803,898,0.8273942093541202,0.9215047725996631,0.635042735042735,0.9308069963947584,0.17260579064587978
KAN,random,all,XGB,9803,898,0.7895322939866369,0.9632790567097137,0.733195449844881,0.9291094815479904,0.21046770601336307
KAN,random,all,MLP,9803,898,0.6648106904231625,0.9897810218978103,0.7528373266078184,0.9153099594957415,0.33518930957683746
KAN,random,all,WHO,9803,898,0.7906458797327395,0.9732734418865806,0.7692307692307693,,0.20935412026726052
KAN,random,South Asia,LR,1914,147,0.673469387755102,0.9501980758347481,0.592814371257485,0.8802420798540129,0.326530612244898
KAN,random,South Asia,RF,1914,147,0.7346938775510204,0.8647425014148273,0.43724696356275305,0.8639167042029035,0.26530612244897955
KAN,random,South Asia,XGB,1914,147,0.6666666666666666,0.9688737973967176,0.6533333333333333,0.8755952862186188,0.33333333333333337
KAN,random,South Asia,MLP,1914,147,0.5102040816326531,0.9915110356536503,0.6329113924050633,0.8670870725200097,0.4897959183673469
KAN,random,South Asia,WHO,1914,147,0.6598639455782312,0.969439728353141,0.6510067114093959,,0.34013605442176875
KAN,sa_holdout,South Asia,LR,1914,147,0.6802721088435374,0.9620826259196378,0.6369426751592356,0.8904115126525991,0.3197278911564626
KAN,sa_holdout,South Asia,RF,1914,147,0.8027210884353742,0.7651386530843237,0.34705882352941175,0.86221121159273,0.19727891156462585
KAN,sa_holdout,South Asia,XGB,1914,147,0.6666666666666666,0.980192416525184,0.7,0.8788080031106953,0.33333333333333337
KAN,sa_holdout,South Asia,MLP,1914,147,0.5306122448979592,0.9932088285229203,0.6582278481012658,0.8836549900095861,0.4693877551020408
KAN,sa_holdout,South Asia,WHO,1914,147,0.6598639455782312,0.969439728353141,0.6510067114093959,,0.34013605442176875
KAN,loco,PER,LR,2423,175,0.8285714285714286,0.9875444839857651,0.8333333333333334,0.9483223182511439,0.17142857142857137
KAN,loco,PER,RF,2423,175,0.8285714285714286,0.9813167259786477,0.8011049723756906,0.9693518047788511,0.17142857142857137
KAN,loco,PER,XGB,2423,175,0.8285714285714286,0.9879893238434164,0.8357348703170029,0.9433985765124555,0.17142857142857137
KAN,loco,PER,MLP,2423,175,0.5028571428571429,0.9897686832740213,0.6153846153846154,0.8876258261311643,0.4971428571428571
KAN,loco,PER,WHO,2423,175,0.84,0.9906583629893239,0.8571428571428571,,0.16000000000000003
KAN,loco,ZAF,LR,1703,272,0.7794117647058824,0.973445143256464,0.8122605363984674,0.8670600053438566,0.22058823529411764
KAN,loco,ZAF,RF,1703,272,0.7757352941176471,0.9587700908455625,0.7785977859778598,0.872172637398775,0.22426470588235292
KAN,loco,ZAF,XGB,1703,272,0.7794117647058824,0.9846261355695318,0.8379446640316206,0.8708251120154561,0.22058823529411764
KAN,loco,ZAF,MLP,1703,272,0.7169117647058824,0.9979035639412998,0.8297872340425532,0.8633719735273564,0.28308823529411764
KAN,loco,ZAF,WHO,1703,272,0.7647058823529411,0.9958071278825996,0.8559670781893004,,0.23529411764705888
KAN,loco,IND,LR,1282,112,0.6428571428571429,0.9743589743589743,0.6728971962616822,0.888671398046398,0.3571428571428571
KAN,loco,IND,RF,1282,112,0.6964285714285714,0.8854700854700854,0.48148148148148145,0.8743933150183151,0.3035714285714286
KAN,loco,IND,XGB,1282,112,0.6339285714285714,0.9846153846153847,0.7064676616915423,0.8956387362637362,0.3660714285714286
KAN,loco,IND,MLP,1282,112,0.4017857142857143,0.9923076923076923,0.5421686746987951,0.8574366605616606,0.5982142857142857
KAN,loco,IND,WHO,1282,112,0.6517857142857143,0.9675213675213675,0.6547085201793722,,0.3482142857142857
KAN,loco,CHN,LR,1010,42,0.5714285714285714,0.981404958677686,0.5714285714285714,0.8099173553719008,0.4285714285714286
KAN,loco,CHN,RF,1010,42,0.6190476190476191,0.9793388429752066,0.5909090909090909,0.8286845730027549,0.38095238095238093
KAN,loco,CHN,XGB,1010,42,0.5714285714285714,0.9948347107438017,0.676056338028169,0.8321526957890596,0.4285714285714286
KAN,loco,CHN,MLP,1010,42,0.47619047619047616,1.0,0.6451612903225806,0.8018865604092876,0.5238095238095238
KAN,loco,CHN,WHO,1010,42,0.5714285714285714,0.9989669421487604,0.7164179104477612,,0.4285714285714286
KAN,loco,PAK,LR,460,29,0.7241379310344828,0.9675174013921114,0.65625,0.879110328826306,0.27586206896551724
KAN,loco,PAK,RF,460,29,0.7586206896551724,0.839907192575406,0.36666666666666664,0.8637090967277382,0.24137931034482762
KAN,loco,PAK,XGB,460,29,0.6896551724137931,0.9211136890951276,0.4819277108433735,0.8677494199535963,0.31034482758620685
KAN,loco,PAK,MLP,460,29,0.5862068965517241,0.9907192575406032,0.68,0.8619089527162174,0.4137931034482759
KAN,loco,PAK,WHO,460,29,0.6551724137931034,0.988399071925754,0.7169811320754716,,0.3448275862068966
KAN,loco,DEU,LR,404,20,0.95,0.9505208333333334,0.6551724137931034,0.9430338541666666,0.050000000000000044
KAN,loco,DEU,RF,404,20,0.85,0.9244791666666666,0.5151515151515151,0.9722005208333334,0.15000000000000002
KAN,loco,DEU,XGB,404,20,0.95,0.9557291666666666,0.6785714285714286,0.9578124999999998,0.050000000000000044
KAN,loco,DEU,MLP,404,20,0.55,0.9869791666666666,0.6111111111111112,0.9561848958333333,0.44999999999999996
KAN,loco,DEU,WHO,404,20,0.95,0.9583333333333334,0.6909090909090909,,0.050000000000000044
KAN,loco,SWE,LR,353,126,0.8015873015873016,0.775330396475771,0.7266187050359713,0.8407978463044542,0.19841269841269837
KAN,loco,SWE,RF,353,126,0.9365079365079365,0.22026431718061673,0.5605700712589073,0.8074435354171037,0.06349206349206349
KAN,loco,SWE,XGB,353,126,0.8015873015873016,0.801762114537445,0.7426470588235294,0.7992448080553807,0.19841269841269837
KAN,loco,SWE,MLP,353,126,0.6746031746031746,0.8458149779735683,0.6910569105691057,0.8395741556534508,0.32539682539682535
KAN,loco,SWE,WHO,353,126,0.9285714285714286,0.4801762114537445,0.6481994459833795,,0.0714285714285714
KAN,loco,ITA,LR,323,75,0.8666666666666667,0.9233870967741935,0.8176100628930818,0.9584677419354839,0.1333333333333333
KAN,loco,ITA,RF,323,75,0.7466666666666667,0.8790322580645161,0.6956521739130435,0.9386290322580646,0.2533333333333333
KAN,loco,ITA,XGB,323,75,0.6933333333333334,0.9395161290322581,0.7323943661971831,0.9477956989247311,0.30666666666666664
KAN,loco,ITA,MLP,323,75,0.48,0.9959677419354839,0.6428571428571429,0.8368010752688171,0.52
KAN,loco,ITA,WHO,323,75,0.92,0.967741935483871,0.9078947368421053,,0.07999999999999996
AMI,random,all,LR,9473,710,0.8014084507042254,0.9633687093461143,0.71125,0.9131111443280245,0.1985915492957746
AMI,random,all,RF,9473,710,0.8070422535211268,0.9532123701928563,0.67690490253987,0.9334352342515667,0.1929577464788732
AMI,random,all,XGB,9473,710,0.7887323943661971,0.9696450987104873,0.7291666666666666,0.9151675659342337,0.21126760563380287
AMI,random,all,MLP,9473,710,0.5802816901408451,0.9945224238274564,0.7042735042735043,0.9131742296756691,0.4197183098591549
AMI,random,all,WHO,9473,710,0.795774647887324,0.9857354787173342,0.8071428571428572,,0.204225352112676
AMI,random,South Asia,LR,1940,124,0.6532258064516129,0.9350220264317181,0.5015479876160991,0.8486570981952537,0.3467741935483871
AMI,random,South Asia,RF,1940,124,0.6693548387096774,0.9251101321585903,0.4839650145772595,0.8652257709251102,0.3306451612903226
AMI,random,South Asia,XGB,1940,124,0.6209677419354839,0.9498898678414097,0.5273972602739726,0.8511506146084978,0.3790322580645161
AMI,random,South Asia,MLP,1940,124,0.49193548387096775,0.9972466960352423,0.6421052631578947,0.8581670989057837,0.5080645161290323
AMI,random,South Asia,WHO,1940,124,0.6129032258064516,0.987885462555066,0.6846846846846847,,0.3870967741935484
AMI,sa_holdout,South Asia,LR,1940,124,0.6612903225806451,0.9289647577092511,0.48955223880597015,0.8585046006821089,0.33870967741935487
AMI,sa_holdout,South Asia,RF,1940,124,0.7419354838709677,0.8100220264317181,0.32798573975044565,0.8593550163421912,0.25806451612903225
AMI,sa_holdout,South Asia,XGB,1940,124,0.6290322580645161,0.9785242290748899,0.6473029045643154,0.8661983089384682,0.3709677419354839
AMI,sa_holdout,South Asia,MLP,1940,124,0.5080645161290323,0.9895374449339207,0.6116504854368932,0.8429240088105727,0.49193548387096775
AMI,sa_holdout,South Asia,WHO,1940,124,0.6129032258064516,0.987885462555066,0.6846846846846847,,0.3870967741935484
AMI,loco,PER,LR,2399,144,0.8472222222222222,0.9902439024390244,0.8472222222222222,0.9582578837152008,0.1527777777777778
AMI,loco,PER,RF,2399,144,0.8472222222222222,0.98980044345898,0.8442906574394463,0.9763180586351319,0.1527777777777778
AMI,loco,PER,XGB,2399,144,0.8472222222222222,0.9929046563192905,0.8652482269503546,0.9518338876570582,0.1527777777777778
AMI,loco,PER,MLP,2399,144,0.3472222222222222,0.9973392461197339,0.5,0.9351980167528949,0.6527777777777778
AMI,loco,PER,WHO,2399,144,0.8888888888888888,0.9920177383592018,0.8827586206896552,,0.11111111111111116
AMI,loco,ZAF,LR,1495,219,0.9315068493150684,0.9749216300940439,0.8967032967032967,0.9785180572851806,0.06849315068493156
AMI,loco,ZAF,RF,1495,219,0.9223744292237442,0.9733542319749217,0.8879120879120879,0.9773407194285795,0.07762557077625576
AMI,loco,ZAF,XGB,1495,219,0.9406392694063926,0.9725705329153606,0.8956521739130435,0.9758252100599762,0.05936073059360736
AMI,loco,ZAF,MLP,1495,219,0.8538812785388128,0.9960815047021944,0.9099756690997567,0.9720623810137272,0.1461187214611872
AMI,loco,ZAF,WHO,1495,219,0.9269406392694064,0.9968652037617555,0.9530516431924883,,0.0730593607305936
AMI,loco,IND,LR,1312,92,0.6195652173913043,0.9524590163934427,0.5507246376811594,0.8595064148253743,0.3804347826086957
AMI,loco,IND,RF,1312,92,0.5869565217391305,0.9540983606557377,0.5346534653465347,0.8805906985032074,0.4130434782608695
AMI,loco,IND,XGB,1312,92,0.6086956521739131,0.9836065573770492,0.6666666666666666,0.8728439059158943,0.3913043478260869
AMI,loco,IND,MLP,1312,92,0.42391304347826086,0.9975409836065574,0.582089552238806,0.8452957947255881,0.5760869565217391
AMI,loco,IND,WHO,1312,92,0.5978260869565217,0.9877049180327869,0.6790123456790124,,0.40217391304347827
AMI,loco,CHN,LR,1012,44,0.45454545454545453,0.9669421487603306,0.4166666666666667,0.7394346356123217,0.5454545454545454
AMI,loco,CHN,RF,1012,44,0.4772727272727273,0.9886363636363636,0.5526315789473685,0.7862039819684448,0.5227272727272727
AMI,loco,CHN,XGB,1012,44,0.45454545454545453,0.984504132231405,0.5063291139240507,0.7558461682945155,0.5454545454545454
AMI,loco,CHN,MLP,1012,44,0.4090909090909091,1.0,0.5806451612903226,0.717129977460556,0.5909090909090908
AMI,loco,CHN,WHO,1012,44,0.45454545454545453,1.0,0.625,,0.5454545454545454
AMI,loco,VNM,LR,1006,10,0.2,0.9889558232931727,0.17391304347826086,0.5260542168674698,0.8
AMI,loco,VNM,RF,1006,10,0.1,0.9979919678714859,0.15384615384615385,0.5084337349397592,0.9
AMI,loco,VNM,XGB,1006,10,0.1,0.9959839357429718,0.13333333333333333,0.5761044176706828,0.9
AMI,loco,VNM,MLP,1006,10,0.1,1.0,0.18181818181818182,0.4682730923694779,0.9
AMI,loco,VNM,WHO,1006,10,0.1,1.0,0.18181818181818182,,0.9
AMI,loco,PAK,LR,451,29,0.6551724137931034,0.966824644549763,0.6129032258064516,0.8602712861578689,0.3448275862068966
AMI,loco,PAK,RF,451,29,0.6896551724137931,0.9170616113744076,0.47619047619047616,0.8412322274881516,0.31034482758620685
AMI,loco,PAK,XGB,451,29,0.6551724137931034,0.9289099526066351,0.48717948717948717,0.8484229449256414,0.3448275862068966
AMI,loco,PAK,MLP,451,29,0.6206896551724138,0.9928909952606635,0.72,0.8656643242359863,0.3793103448275862
AMI,loco,PAK,WHO,451,29,0.6551724137931034,0.9881516587677726,0.7169811320754716,,0.3448275862068966
AMI,loco,SWE,LR,354,82,0.8292682926829268,0.8125,0.6766169154228856,0.8490181133428981,0.1707317073170732
AMI,loco,SWE,RF,354,82,0.8780487804878049,0.5845588235294118,0.5393258426966292,0.8602044476327114,0.12195121951219512
AMI,loco,SWE,XGB,354,82,0.8170731707317073,0.8566176470588235,0.7127659574468085,0.8403425394548063,0.18292682926829273
AMI,loco,SWE,MLP,354,82,0.7317073170731707,0.8933823529411765,0.7017543859649122,0.8346709110473457,0.2682926829268293
AMI,loco,SWE,WHO,354,82,0.8658536585365854,0.7904411764705882,0.6761904761904762,,0.13414634146341464
AMI,loco,ITA,LR,314,47,0.8723404255319149,0.9737827715355806,0.8631578947368421,0.9664116662682285,0.12765957446808507
AMI,loco,ITA,RF,314,47,0.9148936170212766,0.9213483146067416,0.7747747747747747,0.9711929237389433,0.08510638297872342
AMI,loco,ITA,XGB,314,47,0.851063829787234,0.9700374531835206,0.8421052631578947,0.9710733923021755,0.14893617021276595
AMI,loco,ITA,MLP,314,47,0.44680851063829785,0.9887640449438202,0.5915492957746479,0.9225037851621644,0.5531914893617021
AMI,loco,ITA,WHO,314,47,0.8723404255319149,0.9812734082397003,0.8817204301075269,,0.12765957446808507
AMI,loco,BRA,LR,233,10,0.2,1.0,0.3333333333333333,0.6647982062780269,0.8
AMI,loco,BRA,RF,233,10,0.2,0.9955156950672646,0.3076923076923077,0.6291479820627803,0.8
AMI,loco,BRA,XGB,233,10,0.2,0.9865470852017937,0.26666666666666666,0.7221973094170403,0.8
AMI,loco,BRA,MLP,233,10,0.2,1.0,0.3333333333333333,0.5997757847533632,0.8
AMI,loco,BRA,WHO,233,10,0.2,1.0,0.3333333333333333,,0.8
