drug,mutation,missed_SA_isolates,lineages,train_R_carriers,train_S_carriers
AMI,rrs_a1401g,2,Lineage 1,473,56
AMI,eis_E199A,1,Lineage 1,0,0
AMI,eis_R106H,1,Lineage 1,0,0
AMI,eis_V163I,1,Lineage 2,8,247
AMI,eis_c-12t,1,Lineage 2,7,119
AMI,eis_g-10a,1,Lineage 4,2,32
AMI,eis_g-10c,1,Lineage 2,0,0
AMI,rrs_a514c,1,Lineage 2,162,178
AMI,rrs_g637a,1,Lineage 3,0,0
EMB,embA_c-16t,36,"Lineage 2,Lineage 3",12,11
EMB,embC_A387V,36,Lineage 2,0,0
EMB,embB_Q445R,34,Lineage 2,4,0
EMB,embC_R738Q,20,Lineage 3,3,83
EMB,embR_C110Y,6,"Lineage 1,Mixed",34,202
EMB,embA_P913S,5,Lineage 1,34,203
EMB,embB_E378A,5,Lineage 1,34,204
EMB,embC_N394D,5,Lineage 1,34,205
EMB,embC_T270I,5,Lineage 1,34,206
EMB,ubiA_E149D,5,Lineage 1,34,206
EMB,embA_V206M,3,Lineage 1,2,161
EMB,embB_M306I,3,Lineage 3,264,97
EMB,ubiA_M180V,2,Lineage 3,7,1
EMB,embA_-35_del_1,1,Lineage 3,3,2
EMB,embA_A312V,1,Lineage 1,0,0
EMB,embA_D112G,1,Lineage 1,0,0
EMB,embA_S20P,1,Lineage 3,0,0
EMB,embA_T652K,1,Lineage 3,0,0
EMB,embA_c-11a,1,Lineage 3,6,0
EMB,embA_c-16a,1,Lineage 3,10,5
EMB,embA_c-8g,1,Lineage 3,0,0
EMB,embA_g-43c,1,Lineage 3,17,3
EMB,embB_910_ins_3,1,Lineage 3,0,0
EMB,embB_D1024N,1,Lineage 3,17,11
EMB,embB_D328G,1,Lineage 3,3,0
EMB,embB_D328Y,1,Lineage 3,6,0
EMB,embB_E504G,1,Lineage 3,0,0
EMB,embB_E521A,1,Lineage 3,0,0
EMB,embB_G406C,1,Lineage 3,5,1
EMB,embB_I303L,1,Lineage 1,0,2
EMB,embB_M306L,1,Lineage 3,11,2
EMB,embB_N399T,1,Lineage 1,0,1
EMB,embB_Q497K,1,Lineage 3,27,4
EMB,embB_Q497R,1,Lineage 3,176,19
EMB,embB_R524H,1,Lineage 3,0,0
EMB,embB_T1082A,1,Lineage 2,0,2
EMB,embB_T643A,1,Lineage 3,0,0
EMB,embB_Y319C,1,Lineage 3,2,7
EMB,embC_G206E,1,Lineage 4,0,0
EMB,embC_P110S,1,Lineage 3,0,0
EMB,ubiA_A39S,1,Lineage 3,1,0
EMB,ubiA_L172Q,1,Lineage 4,0,0
ETH,mshA_A187V,44,"Lineage 2,Mixed",301,1736
ETH,ethA_C137R,3,Lineage 2,0,1
ETH,ethA_N345K,2,Lineage 1,34,16
ETH,ethA_S266R,2,Lineage 2,15,189
ETH,ethA_T61M,2,"Lineage 2,Lineage 3",5,4
ETH,ethA_V118G,2,Lineage 2,0,0
ETH,ethA_-7_del_6,1,Lineage 4,0,0
ETH,ethA_552_del_3,1,Lineage 2,0,0
ETH,ethA_A89E,1,Lineage 2,0,0
ETH,ethA_D58G,1,Lineage 4,0,0
ETH,ethA_E36K,1,Lineage 4,0,0
ETH,ethA_F282V,1,Lineage 2,7,3
ETH,ethA_G343E,1,Lineage 2,0,0
ETH,ethA_G43S,1,Lineage 2,0,0
ETH,ethA_H102P,1,Lineage 2,0,0
ETH,ethA_L348F,1,Lineage 1,0,0
ETH,ethA_M1T,1,Lineage 2,5,2
ETH,ethA_S399L,1,Lineage 4,0,1
ETH,ethA_S57Y,1,Lineage 2,0,0
ETH,ethA_T61K,1,Lineage 3,0,0
ETH,ethA_W167G,1,Lineage 3,0,0
ETH,ethA_W21R,1,Lineage 4,0,0
ETH,ethA_Y211C,1,Lineage 2,1,1
ETH,ethR_D23E,1,Lineage 1,0,0
ETH,fabG1_G241G,1,Lineage 1,0,17
ETH,mshA_1265_del_1,1,Lineage 3,0,0
ETH,mshA_D218A,1,Lineage 1,0,4
ETH,mshA_L188V,1,Lineage 4,0,2
INH,katG_R463L,57,"Lineage 1,Lineage 2,Lineage 3,Mixed",1681,1745
INH,ahpC_g-88a,36,"Lineage 3,Mixed",25,91
INH,ahpC_t-76a,5,Lineage 3,0,0
INH,mshA_A187V,5,Lineage 2,1205,1153
INH,fabG1_t-8c,3,Lineage 1,135,4
INH,inhA_I194T,3,Lineage 1,43,0
INH,katG_T380I,3,Lineage 1,0,0
INH,ahpC_c-52a,2,"Lineage 1,Lineage 2",25,2
INH,ahpC_t-76g,2,Lineage 3,0,0
INH,ahpC_t-77a,2,Lineage 3,0,0
INH,ahpC_t-77g,2,Lineage 3,0,0
INH,ndh_V18A,2,Lineage 4,93,142
INH,ahpC_g-93a,1,Lineage 3,0,0
INH,fabG1_G241G,1,Lineage 1,2,19
INH,fabG1_G54E,1,Lineage 1,1,0
INH,fabG1_K10R,1,Lineage 3,0,0
INH,katG_A122D,1,Lineage 3,0,0
INH,katG_D189Y,1,Lineage 3,0,0
INH,katG_D94A,1,Lineage 3,0,0
INH,katG_F408S,1,Lineage 2,0,0
INH,katG_G186D,1,Lineage 3,0,0
INH,katG_G297V,1,Lineage 3,0,0
INH,katG_G299D,1,Lineage 3,0,0
INH,katG_G699R,1,Lineage 3,0,0
INH,katG_I103V,1,Lineage 3,0,0
INH,katG_P100T,1,Lineage 3,0,0
INH,katG_R104Q,1,Lineage 3,0,0
INH,katG_R253P,1,Lineage 3,0,0
INH,katG_R484G,1,Mixed,0,0
INH,katG_S140N,1,Lineage 3,1,1
INH,katG_S315I,1,Lineage 3,4,0
INH,katG_T271I,1,Lineage 3,0,0
INH,katG_T475I,1,Lineage 3,0,0
INH,katG_T625K,1,Lineage 3,0,0
INH,katG_V1A,1,Lineage 3,0,0
INH,katG_W191R,1,Lineage 3,3,1
INH,katG_W328L,1,Lineage 3,1,0
INH,katG_W328S,1,Lineage 3,0,0
INH,mshA_D218A,1,Lineage 1,0,5
INH,mshA_L188V,1,Lineage 4,1,2
INH,ndh_993_del_1,1,Lineage 1,0,0
INH,ndh_R268H,1,Lineage 1,24,6
KAN,rrs_a1401g,2,Lineage 1,499,50
KAN,eis_E199A,1,Lineage 1,0,0
KAN,eis_R106H,1,Lineage 1,0,0
KAN,eis_V163I,1,Lineage 2,11,289
KAN,rrs_a514c,1,Lineage 2,175,179
KAN,rrs_c1402t,1,Lineage 4,2,2
KAN,rrs_g637a,1,Lineage 3,0,0
LEV,gyrA_E21Q,92,"Lineage 1,Lineage 2,Lineage 3,Lineage 4,Mixed",836,5885
LEV,gyrA_G668D,88,"Lineage 1,Lineage 2,Lineage 3,Lineage 4,Mixed",819,5570
LEV,gyrA_S95T,81,"Lineage 1,Lineage 2,Lineage 3,Lineage 4,Mixed",816,5564
LEV,gyrA_A384V,13,Lineage 1,7,270
LEV,gyrB_M291I,13,Lineage 1,7,266
LEV,gyrA_c-34t,6,Lineage 1,3,33
LEV,gyrA_S91P,5,"Lineage 2,Lineage 3",32,9
LEV,gyrB_N499T,3,"Lineage 2,Lineage 4",3,0
LEV,gyrA_E289D,2,Lineage 4,0,0
LEV,gyrA_A126S,1,Lineage 3,0,0
LEV,gyrA_A463S,1,Lineage 4,0,22
LEV,gyrA_D94V,1,Lineage 3,0,0
LEV,gyrA_G247S,1,Lineage 4,128,681
LEV,gyrA_H70R,1,Lineage 2,2,2
LEV,gyrA_L134M,1,Lineage 3,0,0
LEV,gyrA_T5A,1,Lineage 3,0,0
LEV,gyrB_A643D,1,Lineage 1,0,0
LEV,gyrB_D461H,1,Lineage 3,0,0
LEV,gyrB_E501D,1,Lineage 4,5,6
LEV,gyrB_G470C,1,Lineage 3,0,0
LEV,gyrB_P628A,1,Lineage 4,0,0
LEV,gyrB_R446H,1,Lineage 2,0,2
LEV,gyrB_R575H,1,Lineage 3,0,0
LEV,gyrB_c-53g,1,Lineage 1,0,0
LEV,gyrB_c-58g,1,Lineage 4,0,0
MXF,gyrA_E21Q,49,"Lineage 1,Lineage 2,Lineage 3,Lineage 4,Mixed",740,5176
MXF,gyrA_G668D,47,"Lineage 1,Lineage 2,Lineage 3,Lineage 4,Mixed",719,4917
MXF,gyrA_S95T,45,"Lineage 1,Lineage 2,Lineage 3,Lineage 4,Mixed",715,4910
MXF,gyrA_A384V,6,Lineage 1,4,228
MXF,gyrA_S91P,6,"Lineage 2,Lineage 3",31,15
MXF,gyrB_M291I,6,Lineage 1,4,225
MXF,gyrA_A90V,3,"Lineage 1,Lineage 3",127,69
MXF,gyrA_c-34t,2,Lineage 1,3,26
MXF,gyrA_D89N,1,Lineage 4,4,0
MXF,gyrA_D94Y,1,Lineage 3,29,4
MXF,gyrA_R252L,1,Lineage 3,0,15
MXF,gyrA_T5A,1,Lineage 3,0,0
MXF,gyrB_N499T,1,Lineage 2,3,1
MXF,gyrB_P628A,1,Lineage 4,0,0
MXF,gyrB_c-58g,1,Lineage 4,0,0
RIF,rpoB_c-61t,33,"Lineage 3,Mixed",22,77
RIF,rpoC_A172V,7,Lineage 1,45,261
RIF,rpoC_P601L,6,"Lineage 1,Mixed",8,222
RIF,rpoB_S441L,3,"Lineage 3,Mixed",3,0
RIF,rpoB_1288_del_3,2,Lineage 3,3,2
RIF,rpoB_H445P,2,"Lineage 1,Lineage 3",1,0
RIF,rpoB_L430P,2,Lineage 3,26,43
RIF,rpoA_-40_ins_31,1,Lineage 2,59,24
RIF,rpoB_1288_del_15,1,Lineage 3,0,0
RIF,rpoB_1288_ins_3,1,Lineage 3,6,0
RIF,rpoB_H445N,1,Lineage 3,5,16
RIF,rpoB_H445S,1,Lineage 2,2,2
RIF,rpoB_I491M,1,Lineage 3,3,2
RIF,rpoB_I491Y,1,Lineage 3,0,0
RIF,rpoB_L452P,1,Lineage 3,41,18
RIF,rpoB_P834T,1,Lineage 1,0,0
RIF,rpoB_Q172R,1,Lineage 4,3,0
RIF,rpoB_Q409R,1,Lineage 4,17,4
RIF,rpoB_Q432H,1,Lineage 3,2,0
RIF,rpoB_Q432K,1,Lineage 3,5,0
RIF,rpoB_Q432L,1,Lineage 1,4,1
RIF,rpoB_S441Q,1,Lineage 2,1,0
RIF,rpoB_S441W,1,Lineage 3,0,0
RIF,rpoB_S493L,1,Lineage 4,1,0
RIF,rpoB_V170A,1,Lineage 3,2,0
RIF,rpoB_V359A,1,Lineage 3,0,0
RIF,rpoC_D485H,1,Lineage 3,0,1
RIF,rpoC_S561P,1,Lineage 3,12,0
