test,INH,RIF,EMB,ETH,LEV,MXF,KAN,AMI
BRA,0.924,0.952,0.994,0.999,,,,0.629
CHN,0.935,0.942,0.954,0.878,0.854,0.866,0.829,0.786
DEU,1.0,0.998,,0.981,0.991,,0.972,
IND,0.961,0.963,0.951,0.908,0.924,0.943,0.874,0.881
ITA,1.0,0.994,0.944,0.976,0.957,0.912,0.939,0.971
NPL,1.0,0.999,,,0.929,,,
PAK,0.925,0.918,0.903,0.887,0.873,0.853,0.864,0.841
PER,0.98,0.979,0.955,0.952,0.878,0.88,0.969,0.976
SWE,,0.569,0.73,0.769,0.641,0.651,0.807,0.86
VNM,0.974,0.981,0.942,0.894,0.751,0.808,,0.508
ZAF,0.953,0.975,0.97,0.954,0.969,0.967,0.872,0.977
