,,auc,auc,f1,f1,sensitivity,sensitivity,specificity,specificity
protocol,,random,sa_holdout,random,sa_holdout,random,sa_holdout,random,sa_holdout
drug,model,,,,,,,,
INH,LR,0.968,0.966,0.964,0.96,0.949,0.941,0.96,0.96
INH,MLP,0.967,0.968,0.968,0.969,0.962,0.961,0.949,0.955
INH,RF,0.964,0.967,0.964,0.962,0.959,0.948,0.941,0.955
INH,WHO,,,0.961,0.961,0.945,0.945,0.957,0.957
INH,XGB,0.966,0.968,0.965,0.961,0.957,0.945,0.949,0.958
RIF,LR,0.964,0.963,0.954,0.953,0.951,0.947,0.923,0.928
RIF,MLP,0.96,0.956,0.954,0.945,0.951,0.932,0.922,0.928
RIF,RF,0.962,0.962,0.948,0.94,0.95,0.928,0.903,0.916
RIF,WHO,,,0.953,0.953,0.96,0.96,0.901,0.901
RIF,XGB,0.961,0.965,0.954,0.956,0.952,0.956,0.922,0.92
EMB,LR,0.945,0.944,0.894,0.868,0.94,0.88,0.857,0.871
EMB,MLP,0.937,0.941,0.871,0.874,0.876,0.859,0.881,0.907
EMB,RF,0.939,0.942,0.873,0.88,0.95,0.94,0.801,0.827
EMB,WHO,,,0.855,0.855,0.865,0.865,0.861,0.861
EMB,XGB,0.942,0.943,0.892,0.895,0.94,0.948,0.853,0.85
ETH,LR,0.91,0.881,0.704,0.674,0.786,0.73,0.889,0.892
ETH,MLP,0.9,0.791,0.684,0.593,0.608,0.516,0.958,0.944
ETH,RF,0.899,0.89,0.643,0.577,0.849,0.813,0.804,0.751
ETH,WHO,,,0.688,0.688,0.694,0.694,0.92,0.92
ETH,XGB,0.909,0.891,0.694,0.695,0.816,0.76,0.867,0.894
LEV,LR,0.919,0.918,0.859,0.871,0.881,0.854,0.878,0.923
LEV,MLP,0.909,0.912,0.858,0.723,0.843,0.608,0.912,0.946
LEV,RF,0.908,0.915,0.803,0.835,0.928,0.855,0.725,0.862
LEV,WHO,,,0.882,0.882,0.873,0.873,0.922,0.922
LEV,XGB,0.925,0.928,0.869,0.877,0.873,0.86,0.901,0.928
MXF,LR,0.93,0.928,0.814,0.817,0.913,0.895,0.836,0.852
MXF,MLP,0.906,0.901,0.794,0.683,0.783,0.6,0.906,0.923
MXF,RF,0.913,0.918,0.762,0.786,0.919,0.886,0.755,0.817
MXF,WHO,,,0.813,0.813,0.915,0.915,0.832,0.832
MXF,XGB,0.93,0.928,0.833,0.817,0.923,0.903,0.854,0.847
KAN,LR,0.88,0.89,0.593,0.637,0.673,0.68,0.95,0.962
KAN,MLP,0.867,0.884,0.633,0.658,0.51,0.531,0.992,0.993
KAN,RF,0.864,0.862,0.437,0.347,0.735,0.803,0.865,0.765
KAN,WHO,,,0.651,0.651,0.66,0.66,0.969,0.969
KAN,XGB,0.876,0.879,0.653,0.7,0.667,0.667,0.969,0.98
AMI,LR,0.849,0.859,0.502,0.49,0.653,0.661,0.935,0.929
AMI,MLP,0.858,0.843,0.642,0.612,0.492,0.508,0.997,0.99
AMI,RF,0.865,0.859,0.484,0.328,0.669,0.742,0.925,0.81
AMI,WHO,,,0.685,0.685,0.613,0.613,0.988,0.988
AMI,XGB,0.851,0.866,0.527,0.647,0.621,0.629,0.95,0.979
