drug,lineage,n_R,sens_model,sens_WHO
INH,Lineage 1,73,0.836,0.863
INH,Lineage 2,616,0.992,0.99
INH,Lineage 3,414,0.911,0.918
INH,Lineage 4,154,0.942,0.942
INH,Mixed,23,0.478,0.478
RIF,Lineage 1,58,0.879,0.897
RIF,Lineage 2,629,0.99,0.994
RIF,Lineage 3,372,0.909,0.944
RIF,Lineage 4,135,0.97,0.97
RIF,Mixed,20,0.35,0.35
EMB,Lineage 1,23,0.783,0.652
EMB,Lineage 2,401,0.905,0.885
EMB,Lineage 3,113,0.823,0.867
EMB,Lineage 4,66,0.924,0.909
EMB,Mixed,12,0.5,0.333
ETH,Lineage 1,43,0.884,0.86
ETH,Lineage 2,202,0.777,0.723
ETH,Lineage 3,36,0.611,0.528
ETH,Lineage 4,48,0.771,0.646
LEV,Lineage 1,28,0.536,0.536
LEV,Lineage 2,371,0.938,0.946
LEV,Lineage 3,171,0.778,0.801
LEV,Lineage 4,73,0.849,0.877
LEV,Mixed,13,0.462,0.462
MXF,Lineage 1,13,0.538,0.692
MXF,Lineage 2,352,0.952,0.949
MXF,Lineage 3,70,0.786,0.843
MXF,Lineage 4,63,0.905,0.921
KAN,Lineage 2,80,0.912,0.725
KAN,Lineage 3,36,0.75,0.583
KAN,Lineage 4,20,0.85,0.8
AMI,Lineage 2,66,0.864,0.667
AMI,Lineage 3,32,0.656,0.562
AMI,Lineage 4,16,0.812,0.75
